{"cameraMode":{"drawMode":0,"name":"Shaded","section":"Shading Mode"},"sceneLighting":false,"audioPlay":false,"sceneViewState":{"m_AlwaysRefresh":false,"showFog":true,"showSkybox":false,"showFlares":true,"showImageEffects":true,"showParticleSystems":true,"showVisualEffectGraphs":true,"m_FxEnabled":true},"in2DMode":false,"pivot":{"x":26.775497436523439,"y":1.7275638580322266,"z":-28.870012283325197},"rotation":{"x":-0.04708237946033478,"y":-0.9431858658790588,"z":0.15307532250881196,"w":-0.2918000817298889},"size":0.7019318342208862,"orthographic":false}