{"cameraMode":{"drawMode":0,"name":"Shaded","section":"Shading Mode"},"sceneLighting":true,"audioPlay":false,"sceneViewState":{"m_AlwaysRefresh":false,"showFog":true,"showSkybox":false,"showFlares":true,"showImageEffects":true,"showParticleSystems":true,"showVisualEffectGraphs":true,"m_FxEnabled":true},"in2DMode":false,"pivot":{"x":14.009477615356446,"y":3.202486038208008,"z":-26.851417541503908},"rotation":{"x":-0.3598772883415222,"y":-0.07458698749542237,"z":0.029110006988048555,"w":-0.9297901391983032},"size":12.12435531616211,"orthographic":false}