{"cameraMode":{"drawMode":0,"name":"Shaded","section":"Shading Mode"},"sceneLighting":true,"audioPlay":false,"sceneViewState":{"m_AlwaysRefresh":false,"showFog":true,"showSkybox":false,"showFlares":true,"showImageEffects":true,"showParticleSystems":true,"showVisualEffectGraphs":true,"m_FxEnabled":true},"in2DMode":false,"pivot":{"x":26.12310791015625,"y":1.3039991855621338,"z":20.64800453186035},"rotation":{"x":-0.3707427382469177,"y":0.020392758771777154,"z":-0.007900313474237919,"w":-0.9287108778953552},"size":12.12435531616211,"orthographic":false}